title	geo_accession	status	submission_date	last_update_date	type	channel_count	source_name_ch1	organism_ch1	characteristics_ch1	molecule_ch1	extract_protocol_ch1	label_ch1	label_protocol_ch1	taxid_ch1	hyb_protocol	scan_protocol	description	data_processing	platform_id	contact_name	contact_email	contact_department	contact_institute	contact_address	contact_city	contact_state	contact_zip/postal_code	contact_country	supplementary_file	data_row_count	gender:ch1
CC2	GSM588828	Public on Aug 31 2010	Aug 30 2010	Aug 30 2010	RNA	1	colon tumour	Homo sapiens	gender: Male	total RNA	Trizol extraction of total RNA was performed according to the manufacturer's instructions.	Biotin	Biotinylated cRNA were prepared according to the standard Affymetrix protocol from 6ug total RNA (Expression Analysis Technical Manual, 2001, Affymetrix).	9606	Following fragmentation, 10 ug of cRNA were hybridized for 16 hr at 45C on Affymetrix HG U133 plus 2.0. GeneChips were washed and stained in the Affymetrix Fluidics Station 400.	GeneChips were scanned using the Affymetrix GeneChip Scanner  (GCS) 3000.	Gene expression data from Colon Tumour Sample	The data were analyzed using a commercially available software package, Partek Genomics Suite 6.4 (Partek Incorporated, Missouri, USA), PLIER algorithm using default analysis settings and global scaling as normalization method and t-test  to assess differentially expressed genes. The Strand Genomics Avadis software package (Strand Genomics Pvt Ltd, http://www.strandgenomics.com) was employed for hierarchical clustering of differentially expressed genes.	GPL570	ABDUL,KHALID,SIRAJ	asiraj@kfshrc.edu.sa	HUMAN CANCER GENOMIC	KING FAISAL SPECIALIST HOSPITAL & RESEARCH CENTER	MBC 98-16, PO BOX 3354	RIYADH 11211	KSA	11211	Saudi Arabia	ftp://ftp.ncbi.nlm.nih.gov/geo/samples/GSM588nnn/GSM588828/suppl/GSM588828.CEL.gz	54675	Male
CC3	GSM588829	Public on Aug 31 2010	Aug 30 2010	Aug 30 2010	RNA	1	colon tumour	Homo sapiens	gender: Male	total RNA	Trizol extraction of total RNA was performed according to the manufacturer's instructions.	Biotin	Biotinylated cRNA were prepared according to the standard Affymetrix protocol from 6ug total RNA (Expression Analysis Technical Manual, 2001, Affymetrix).	9606	Following fragmentation, 10 ug of cRNA were hybridized for 16 hr at 45C on Affymetrix HG U133 plus 2.0. GeneChips were washed and stained in the Affymetrix Fluidics Station 400.	GeneChips were scanned using the Affymetrix GeneChip Scanner  (GCS) 3000.	Gene expression data from Colon Tumour Sample	The data were analyzed using a commercially available software package, Partek Genomics Suite 6.4 (Partek Incorporated, Missouri, USA), PLIER algorithm using default analysis settings and global scaling as normalization method and t-test  to assess differentially expressed genes. The Strand Genomics Avadis software package (Strand Genomics Pvt Ltd, http://www.strandgenomics.com) was employed for hierarchical clustering of differentially expressed genes.	GPL570	ABDUL,KHALID,SIRAJ	asiraj@kfshrc.edu.sa	HUMAN CANCER GENOMIC	KING FAISAL SPECIALIST HOSPITAL & RESEARCH CENTER	MBC 98-16, PO BOX 3354	RIYADH 11211	KSA	11211	Saudi Arabia	ftp://ftp.ncbi.nlm.nih.gov/geo/samples/GSM588nnn/GSM588829/suppl/GSM588829.CEL.gz	54675	Male
CC6	GSM588830	Public on Aug 31 2010	Aug 30 2010	Aug 30 2010	RNA	1	colon tumour	Homo sapiens	gender: Male	total RNA	Trizol extraction of total RNA was performed according to the manufacturer's instructions.	Biotin	Biotinylated cRNA were prepared according to the standard Affymetrix protocol from 6ug total RNA (Expression Analysis Technical Manual, 2001, Affymetrix).	9606	Following fragmentation, 10 ug of cRNA were hybridized for 16 hr at 45C on Affymetrix HG U133 plus 2.0. GeneChips were washed and stained in the Affymetrix Fluidics Station 400.	GeneChips were scanned using the Affymetrix GeneChip Scanner  (GCS) 3000.	Gene expression data from Colon Tumour Sample	The data were analyzed using a commercially available software package, Partek Genomics Suite 6.4 (Partek Incorporated, Missouri, USA), PLIER algorithm using default analysis settings and global scaling as normalization method and t-test  to assess differentially expressed genes. The Strand Genomics Avadis software package (Strand Genomics Pvt Ltd, http://www.strandgenomics.com) was employed for hierarchical clustering of differentially expressed genes.	GPL570	ABDUL,KHALID,SIRAJ	asiraj@kfshrc.edu.sa	HUMAN CANCER GENOMIC	KING FAISAL SPECIALIST HOSPITAL & RESEARCH CENTER	MBC 98-16, PO BOX 3354	RIYADH 11211	KSA	11211	Saudi Arabia	ftp://ftp.ncbi.nlm.nih.gov/geo/samples/GSM588nnn/GSM588830/suppl/GSM588830.CEL.gz	54675	Male
CC8	GSM588831	Public on Aug 31 2010	Aug 30 2010	Aug 30 2010	RNA	1	colon tumour	Homo sapiens	gender: Male	total RNA	Trizol extraction of total RNA was performed according to the manufacturer's instructions.	Biotin	Biotinylated cRNA were prepared according to the standard Affymetrix protocol from 6ug total RNA (Expression Analysis Technical Manual, 2001, Affymetrix).	9606	Following fragmentation, 10 ug of cRNA were hybridized for 16 hr at 45C on Affymetrix HG U133 plus 2.0. GeneChips were washed and stained in the Affymetrix Fluidics Station 400.	GeneChips were scanned using the Affymetrix GeneChip Scanner  (GCS) 3000.	Gene expression data from Colon Tumour Sample	The data were analyzed using a commercially available software package, Partek Genomics Suite 6.4 (Partek Incorporated, Missouri, USA), PLIER algorithm using default analysis settings and global scaling as normalization method and t-test  to assess differentially expressed genes. The Strand Genomics Avadis software package (Strand Genomics Pvt Ltd, http://www.strandgenomics.com) was employed for hierarchical clustering of differentially expressed genes.	GPL570	ABDUL,KHALID,SIRAJ	asiraj@kfshrc.edu.sa	HUMAN CANCER GENOMIC	KING FAISAL SPECIALIST HOSPITAL & RESEARCH CENTER	MBC 98-16, PO BOX 3354	RIYADH 11211	KSA	11211	Saudi Arabia	ftp://ftp.ncbi.nlm.nih.gov/geo/samples/GSM588nnn/GSM588831/suppl/GSM588831.CEL.gz	54675	Male
CC11	GSM588832	Public on Aug 31 2010	Aug 30 2010	Aug 30 2010	RNA	1	colon tumour	Homo sapiens	gender: Female	total RNA	Trizol extraction of total RNA was performed according to the manufacturer's instructions.	Biotin	Biotinylated cRNA were prepared according to the standard Affymetrix protocol from 6ug total RNA (Expression Analysis Technical Manual, 2001, Affymetrix).	9606	Following fragmentation, 10 ug of cRNA were hybridized for 16 hr at 45C on Affymetrix HG U133 plus 2.0. GeneChips were washed and stained in the Affymetrix Fluidics Station 400.	GeneChips were scanned using the Affymetrix GeneChip Scanner  (GCS) 3000.	Gene expression data from Colon Tumour Sample	The data were analyzed using a commercially available software package, Partek Genomics Suite 6.4 (Partek Incorporated, Missouri, USA), PLIER algorithm using default analysis settings and global scaling as normalization method and t-test  to assess differentially expressed genes. The Strand Genomics Avadis software package (Strand Genomics Pvt Ltd, http://www.strandgenomics.com) was employed for hierarchical clustering of differentially expressed genes.	GPL570	ABDUL,KHALID,SIRAJ	asiraj@kfshrc.edu.sa	HUMAN CANCER GENOMIC	KING FAISAL SPECIALIST HOSPITAL & RESEARCH CENTER	MBC 98-16, PO BOX 3354	RIYADH 11211	KSA	11211	Saudi Arabia	ftp://ftp.ncbi.nlm.nih.gov/geo/samples/GSM588nnn/GSM588832/suppl/GSM588832.CEL.gz	54675	Female
CC12	GSM588833	Public on Aug 31 2010	Aug 30 2010	Aug 30 2010	RNA	1	colon tumour	Homo sapiens	gender: Female	total RNA	Trizol extraction of total RNA was performed according to the manufacturer's instructions.	Biotin	Biotinylated cRNA were prepared according to the standard Affymetrix protocol from 6ug total RNA (Expression Analysis Technical Manual, 2001, Affymetrix).	9606	Following fragmentation, 10 ug of cRNA were hybridized for 16 hr at 45C on Affymetrix HG U133 plus 2.0. GeneChips were washed and stained in the Affymetrix Fluidics Station 400.	GeneChips were scanned using the Affymetrix GeneChip Scanner  (GCS) 3000.	Gene expression data from Colon Tumour Sample	The data were analyzed using a commercially available software package, Partek Genomics Suite 6.4 (Partek Incorporated, Missouri, USA), PLIER algorithm using default analysis settings and global scaling as normalization method and t-test  to assess differentially expressed genes. The Strand Genomics Avadis software package (Strand Genomics Pvt Ltd, http://www.strandgenomics.com) was employed for hierarchical clustering of differentially expressed genes.	GPL570	ABDUL,KHALID,SIRAJ	asiraj@kfshrc.edu.sa	HUMAN CANCER GENOMIC	KING FAISAL SPECIALIST HOSPITAL & RESEARCH CENTER	MBC 98-16, PO BOX 3354	RIYADH 11211	KSA	11211	Saudi Arabia	ftp://ftp.ncbi.nlm.nih.gov/geo/samples/GSM588nnn/GSM588833/suppl/GSM588833.CEL.gz	54675	Female
CC13	GSM588834	Public on Aug 31 2010	Aug 30 2010	Aug 30 2010	RNA	1	colon tumour	Homo sapiens	gender: Female	total RNA	Trizol extraction of total RNA was performed according to the manufacturer's instructions.	Biotin	Biotinylated cRNA were prepared according to the standard Affymetrix protocol from 6ug total RNA (Expression Analysis Technical Manual, 2001, Affymetrix).	9606	Following fragmentation, 10 ug of cRNA were hybridized for 16 hr at 45C on Affymetrix HG U133 plus 2.0. GeneChips were washed and stained in the Affymetrix Fluidics Station 400.	GeneChips were scanned using the Affymetrix GeneChip Scanner  (GCS) 3000.	Gene expression data from Colon Tumour Sample	The data were analyzed using a commercially available software package, Partek Genomics Suite 6.4 (Partek Incorporated, Missouri, USA), PLIER algorithm using default analysis settings and global scaling as normalization method and t-test  to assess differentially expressed genes. The Strand Genomics Avadis software package (Strand Genomics Pvt Ltd, http://www.strandgenomics.com) was employed for hierarchical clustering of differentially expressed genes.	GPL570	ABDUL,KHALID,SIRAJ	asiraj@kfshrc.edu.sa	HUMAN CANCER GENOMIC	KING FAISAL SPECIALIST HOSPITAL & RESEARCH CENTER	MBC 98-16, PO BOX 3354	RIYADH 11211	KSA	11211	Saudi Arabia	ftp://ftp.ncbi.nlm.nih.gov/geo/samples/GSM588nnn/GSM588834/suppl/GSM588834.CEL.gz	54675	Female
CC16	GSM588835	Public on Aug 31 2010	Aug 30 2010	Aug 30 2010	RNA	1	colon tumour	Homo sapiens	gender: Female	total RNA	Trizol extraction of total RNA was performed according to the manufacturer's instructions.	Biotin	Biotinylated cRNA were prepared according to the standard Affymetrix protocol from 6ug total RNA (Expression Analysis Technical Manual, 2001, Affymetrix).	9606	Following fragmentation, 10 ug of cRNA were hybridized for 16 hr at 45C on Affymetrix HG U133 plus 2.0. GeneChips were washed and stained in the Affymetrix Fluidics Station 400.	GeneChips were scanned using the Affymetrix GeneChip Scanner  (GCS) 3000.	Gene expression data from Colon Tumour Sample	The data were analyzed using a commercially available software package, Partek Genomics Suite 6.4 (Partek Incorporated, Missouri, USA), PLIER algorithm using default analysis settings and global scaling as normalization method and t-test  to assess differentially expressed genes. The Strand Genomics Avadis software package (Strand Genomics Pvt Ltd, http://www.strandgenomics.com) was employed for hierarchical clustering of differentially expressed genes.	GPL570	ABDUL,KHALID,SIRAJ	asiraj@kfshrc.edu.sa	HUMAN CANCER GENOMIC	KING FAISAL SPECIALIST HOSPITAL & RESEARCH CENTER	MBC 98-16, PO BOX 3354	RIYADH 11211	KSA	11211	Saudi Arabia	ftp://ftp.ncbi.nlm.nih.gov/geo/samples/GSM588nnn/GSM588835/suppl/GSM588835.CEL.gz	54675	Female
CC17	GSM588836	Public on Aug 31 2010	Aug 30 2010	Aug 30 2010	RNA	1	colon tumour	Homo sapiens	gender: Male	total RNA	Trizol extraction of total RNA was performed according to the manufacturer's instructions.	Biotin	Biotinylated cRNA were prepared according to the standard Affymetrix protocol from 6ug total RNA (Expression Analysis Technical Manual, 2001, Affymetrix).	9606	Following fragmentation, 10 ug of cRNA were hybridized for 16 hr at 45C on Affymetrix HG U133 plus 2.0. GeneChips were washed and stained in the Affymetrix Fluidics Station 400.	GeneChips were scanned using the Affymetrix GeneChip Scanner  (GCS) 3000.	Gene expression data from Colon Tumour Sample	The data were analyzed using a commercially available software package, Partek Genomics Suite 6.4 (Partek Incorporated, Missouri, USA), PLIER algorithm using default analysis settings and global scaling as normalization method and t-test  to assess differentially expressed genes. The Strand Genomics Avadis software package (Strand Genomics Pvt Ltd, http://www.strandgenomics.com) was employed for hierarchical clustering of differentially expressed genes.	GPL570	ABDUL,KHALID,SIRAJ	asiraj@kfshrc.edu.sa	HUMAN CANCER GENOMIC	KING FAISAL SPECIALIST HOSPITAL & RESEARCH CENTER	MBC 98-16, PO BOX 3354	RIYADH 11211	KSA	11211	Saudi Arabia	ftp://ftp.ncbi.nlm.nih.gov/geo/samples/GSM588nnn/GSM588836/suppl/GSM588836.CEL.gz	54675	Male
CC18	GSM588837	Public on Aug 31 2010	Aug 30 2010	Aug 30 2010	RNA	1	colon tumour	Homo sapiens	gender: Male	total RNA	Trizol extraction of total RNA was performed according to the manufacturer's instructions.	Biotin	Biotinylated cRNA were prepared according to the standard Affymetrix protocol from 6ug total RNA (Expression Analysis Technical Manual, 2001, Affymetrix).	9606	Following fragmentation, 10 ug of cRNA were hybridized for 16 hr at 45C on Affymetrix HG U133 plus 2.0. GeneChips were washed and stained in the Affymetrix Fluidics Station 400.	GeneChips were scanned using the Affymetrix GeneChip Scanner  (GCS) 3000.	Gene expression data from Colon Tumour Sample	The data were analyzed using a commercially available software package, Partek Genomics Suite 6.4 (Partek Incorporated, Missouri, USA), PLIER algorithm using default analysis settings and global scaling as normalization method and t-test  to assess differentially expressed genes. The Strand Genomics Avadis software package (Strand Genomics Pvt Ltd, http://www.strandgenomics.com) was employed for hierarchical clustering of differentially expressed genes.	GPL570	ABDUL,KHALID,SIRAJ	asiraj@kfshrc.edu.sa	HUMAN CANCER GENOMIC	KING FAISAL SPECIALIST HOSPITAL & RESEARCH CENTER	MBC 98-16, PO BOX 3354	RIYADH 11211	KSA	11211	Saudi Arabia	ftp://ftp.ncbi.nlm.nih.gov/geo/samples/GSM588nnn/GSM588837/suppl/GSM588837.CEL.gz	54675	Male
CC20	GSM588838	Public on Aug 31 2010	Aug 30 2010	Aug 30 2010	RNA	1	colon tumour	Homo sapiens	gender: Male	total RNA	Trizol extraction of total RNA was performed according to the manufacturer's instructions.	Biotin	Biotinylated cRNA were prepared according to the standard Affymetrix protocol from 6ug total RNA (Expression Analysis Technical Manual, 2001, Affymetrix).	9606	Following fragmentation, 10 ug of cRNA were hybridized for 16 hr at 45C on Affymetrix HG U133 plus 2.0. GeneChips were washed and stained in the Affymetrix Fluidics Station 400.	GeneChips were scanned using the Affymetrix GeneChip Scanner  (GCS) 3000.	Gene expression data from Colon Tumour Sample	The data were analyzed using a commercially available software package, Partek Genomics Suite 6.4 (Partek Incorporated, Missouri, USA), PLIER algorithm using default analysis settings and global scaling as normalization method and t-test  to assess differentially expressed genes. The Strand Genomics Avadis software package (Strand Genomics Pvt Ltd, http://www.strandgenomics.com) was employed for hierarchical clustering of differentially expressed genes.	GPL570	ABDUL,KHALID,SIRAJ	asiraj@kfshrc.edu.sa	HUMAN CANCER GENOMIC	KING FAISAL SPECIALIST HOSPITAL & RESEARCH CENTER	MBC 98-16, PO BOX 3354	RIYADH 11211	KSA	11211	Saudi Arabia	ftp://ftp.ncbi.nlm.nih.gov/geo/samples/GSM588nnn/GSM588838/suppl/GSM588838.CEL.gz	54675	Male
CC21	GSM588839	Public on Aug 31 2010	Aug 30 2010	Aug 30 2010	RNA	1	colon tumour	Homo sapiens	gender: Male	total RNA	Trizol extraction of total RNA was performed according to the manufacturer's instructions.	Biotin	Biotinylated cRNA were prepared according to the standard Affymetrix protocol from 6ug total RNA (Expression Analysis Technical Manual, 2001, Affymetrix).	9606	Following fragmentation, 10 ug of cRNA were hybridized for 16 hr at 45C on Affymetrix HG U133 plus 2.0. GeneChips were washed and stained in the Affymetrix Fluidics Station 400.	GeneChips were scanned using the Affymetrix GeneChip Scanner  (GCS) 3000.	Gene expression data from Colon Tumour Sample	The data were analyzed using a commercially available software package, Partek Genomics Suite 6.4 (Partek Incorporated, Missouri, USA), PLIER algorithm using default analysis settings and global scaling as normalization method and t-test  to assess differentially expressed genes. The Strand Genomics Avadis software package (Strand Genomics Pvt Ltd, http://www.strandgenomics.com) was employed for hierarchical clustering of differentially expressed genes.	GPL570	ABDUL,KHALID,SIRAJ	asiraj@kfshrc.edu.sa	HUMAN CANCER GENOMIC	KING FAISAL SPECIALIST HOSPITAL & RESEARCH CENTER	MBC 98-16, PO BOX 3354	RIYADH 11211	KSA	11211	Saudi Arabia	ftp://ftp.ncbi.nlm.nih.gov/geo/samples/GSM588nnn/GSM588839/suppl/GSM588839.CEL.gz	54675	Male
CC22	GSM588840	Public on Aug 31 2010	Aug 30 2010	Aug 30 2010	RNA	1	colon tumour	Homo sapiens	gender: Female	total RNA	Trizol extraction of total RNA was performed according to the manufacturer's instructions.	Biotin	Biotinylated cRNA were prepared according to the standard Affymetrix protocol from 6ug total RNA (Expression Analysis Technical Manual, 2001, Affymetrix).	9606	Following fragmentation, 10 ug of cRNA were hybridized for 16 hr at 45C on Affymetrix HG U133 plus 2.0. GeneChips were washed and stained in the Affymetrix Fluidics Station 400.	GeneChips were scanned using the Affymetrix GeneChip Scanner  (GCS) 3000.	Gene expression data from Colon Tumour Sample	The data were analyzed using a commercially available software package, Partek Genomics Suite 6.4 (Partek Incorporated, Missouri, USA), PLIER algorithm using default analysis settings and global scaling as normalization method and t-test  to assess differentially expressed genes. The Strand Genomics Avadis software package (Strand Genomics Pvt Ltd, http://www.strandgenomics.com) was employed for hierarchical clustering of differentially expressed genes.	GPL570	ABDUL,KHALID,SIRAJ	asiraj@kfshrc.edu.sa	HUMAN CANCER GENOMIC	KING FAISAL SPECIALIST HOSPITAL & RESEARCH CENTER	MBC 98-16, PO BOX 3354	RIYADH 11211	KSA	11211	Saudi Arabia	ftp://ftp.ncbi.nlm.nih.gov/geo/samples/GSM588nnn/GSM588840/suppl/GSM588840.CEL.gz	54675	Female
CC23	GSM588841	Public on Aug 31 2010	Aug 30 2010	Aug 30 2010	RNA	1	colon tumour	Homo sapiens	gender: Male	total RNA	Trizol extraction of total RNA was performed according to the manufacturer's instructions.	Biotin	Biotinylated cRNA were prepared according to the standard Affymetrix protocol from 6ug total RNA (Expression Analysis Technical Manual, 2001, Affymetrix).	9606	Following fragmentation, 10 ug of cRNA were hybridized for 16 hr at 45C on Affymetrix HG U133 plus 2.0. GeneChips were washed and stained in the Affymetrix Fluidics Station 400.	GeneChips were scanned using the Affymetrix GeneChip Scanner  (GCS) 3000.	Gene expression data from Colon Tumour Sample	The data were analyzed using a commercially available software package, Partek Genomics Suite 6.4 (Partek Incorporated, Missouri, USA), PLIER algorithm using default analysis settings and global scaling as normalization method and t-test  to assess differentially expressed genes. The Strand Genomics Avadis software package (Strand Genomics Pvt Ltd, http://www.strandgenomics.com) was employed for hierarchical clustering of differentially expressed genes.	GPL570	ABDUL,KHALID,SIRAJ	asiraj@kfshrc.edu.sa	HUMAN CANCER GENOMIC	KING FAISAL SPECIALIST HOSPITAL & RESEARCH CENTER	MBC 98-16, PO BOX 3354	RIYADH 11211	KSA	11211	Saudi Arabia	ftp://ftp.ncbi.nlm.nih.gov/geo/samples/GSM588nnn/GSM588841/suppl/GSM588841.CEL.gz	54675	Male
CC24	GSM588842	Public on Aug 31 2010	Aug 30 2010	Aug 30 2010	RNA	1	colon tumour	Homo sapiens	gender: Male	total RNA	Trizol extraction of total RNA was performed according to the manufacturer's instructions.	Biotin	Biotinylated cRNA were prepared according to the standard Affymetrix protocol from 6ug total RNA (Expression Analysis Technical Manual, 2001, Affymetrix).	9606	Following fragmentation, 10 ug of cRNA were hybridized for 16 hr at 45C on Affymetrix HG U133 plus 2.0. GeneChips were washed and stained in the Affymetrix Fluidics Station 400.	GeneChips were scanned using the Affymetrix GeneChip Scanner  (GCS) 3000.	Gene expression data from Colon Tumour Sample	The data were analyzed using a commercially available software package, Partek Genomics Suite 6.4 (Partek Incorporated, Missouri, USA), PLIER algorithm using default analysis settings and global scaling as normalization method and t-test  to assess differentially expressed genes. The Strand Genomics Avadis software package (Strand Genomics Pvt Ltd, http://www.strandgenomics.com) was employed for hierarchical clustering of differentially expressed genes.	GPL570	ABDUL,KHALID,SIRAJ	asiraj@kfshrc.edu.sa	HUMAN CANCER GENOMIC	KING FAISAL SPECIALIST HOSPITAL & RESEARCH CENTER	MBC 98-16, PO BOX 3354	RIYADH 11211	KSA	11211	Saudi Arabia	ftp://ftp.ncbi.nlm.nih.gov/geo/samples/GSM588nnn/GSM588842/suppl/GSM588842.CEL.gz	54675	Male
CC25	GSM588843	Public on Aug 31 2010	Aug 30 2010	Aug 30 2010	RNA	1	colon tumour	Homo sapiens	gender: Male	total RNA	Trizol extraction of total RNA was performed according to the manufacturer's instructions.	Biotin	Biotinylated cRNA were prepared according to the standard Affymetrix protocol from 6ug total RNA (Expression Analysis Technical Manual, 2001, Affymetrix).	9606	Following fragmentation, 10 ug of cRNA were hybridized for 16 hr at 45C on Affymetrix HG U133 plus 2.0. GeneChips were washed and stained in the Affymetrix Fluidics Station 400.	GeneChips were scanned using the Affymetrix GeneChip Scanner  (GCS) 3000.	Gene expression data from Colon Tumour Sample	The data were analyzed using a commercially available software package, Partek Genomics Suite 6.4 (Partek Incorporated, Missouri, USA), PLIER algorithm using default analysis settings and global scaling as normalization method and t-test  to assess differentially expressed genes. The Strand Genomics Avadis software package (Strand Genomics Pvt Ltd, http://www.strandgenomics.com) was employed for hierarchical clustering of differentially expressed genes.	GPL570	ABDUL,KHALID,SIRAJ	asiraj@kfshrc.edu.sa	HUMAN CANCER GENOMIC	KING FAISAL SPECIALIST HOSPITAL & RESEARCH CENTER	MBC 98-16, PO BOX 3354	RIYADH 11211	KSA	11211	Saudi Arabia	ftp://ftp.ncbi.nlm.nih.gov/geo/samples/GSM588nnn/GSM588843/suppl/GSM588843.CEL.gz	54675	Male
CC26	GSM588844	Public on Aug 31 2010	Aug 30 2010	Aug 30 2010	RNA	1	colon tumour	Homo sapiens	gender: Male	total RNA	Trizol extraction of total RNA was performed according to the manufacturer's instructions.	Biotin	Biotinylated cRNA were prepared according to the standard Affymetrix protocol from 6ug total RNA (Expression Analysis Technical Manual, 2001, Affymetrix).	9606	Following fragmentation, 10 ug of cRNA were hybridized for 16 hr at 45C on Affymetrix HG U133 plus 2.0. GeneChips were washed and stained in the Affymetrix Fluidics Station 400.	GeneChips were scanned using the Affymetrix GeneChip Scanner  (GCS) 3000.	Gene expression data from Colon Tumour Sample	The data were analyzed using a commercially available software package, Partek Genomics Suite 6.4 (Partek Incorporated, Missouri, USA), PLIER algorithm using default analysis settings and global scaling as normalization method and t-test  to assess differentially expressed genes. The Strand Genomics Avadis software package (Strand Genomics Pvt Ltd, http://www.strandgenomics.com) was employed for hierarchical clustering of differentially expressed genes.	GPL570	ABDUL,KHALID,SIRAJ	asiraj@kfshrc.edu.sa	HUMAN CANCER GENOMIC	KING FAISAL SPECIALIST HOSPITAL & RESEARCH CENTER	MBC 98-16, PO BOX 3354	RIYADH 11211	KSA	11211	Saudi Arabia	ftp://ftp.ncbi.nlm.nih.gov/geo/samples/GSM588nnn/GSM588844/suppl/GSM588844.CEL.gz	54675	Male
CC27	GSM588845	Public on Aug 31 2010	Aug 30 2010	Aug 30 2010	RNA	1	colon tumour	Homo sapiens	gender: Female	total RNA	Trizol extraction of total RNA was performed according to the manufacturer's instructions.	Biotin	Biotinylated cRNA were prepared according to the standard Affymetrix protocol from 6ug total RNA (Expression Analysis Technical Manual, 2001, Affymetrix).	9606	Following fragmentation, 10 ug of cRNA were hybridized for 16 hr at 45C on Affymetrix HG U133 plus 2.0. GeneChips were washed and stained in the Affymetrix Fluidics Station 400.	GeneChips were scanned using the Affymetrix GeneChip Scanner  (GCS) 3000.	Gene expression data from Colon Tumour Sample	The data were analyzed using a commercially available software package, Partek Genomics Suite 6.4 (Partek Incorporated, Missouri, USA), PLIER algorithm using default analysis settings and global scaling as normalization method and t-test  to assess differentially expressed genes. The Strand Genomics Avadis software package (Strand Genomics Pvt Ltd, http://www.strandgenomics.com) was employed for hierarchical clustering of differentially expressed genes.	GPL570	ABDUL,KHALID,SIRAJ	asiraj@kfshrc.edu.sa	HUMAN CANCER GENOMIC	KING FAISAL SPECIALIST HOSPITAL & RESEARCH CENTER	MBC 98-16, PO BOX 3354	RIYADH 11211	KSA	11211	Saudi Arabia	ftp://ftp.ncbi.nlm.nih.gov/geo/samples/GSM588nnn/GSM588845/suppl/GSM588845.CEL.gz	54675	Female
CC28	GSM588846	Public on Aug 31 2010	Aug 30 2010	Aug 30 2010	RNA	1	colon tumour	Homo sapiens	gender: Female	total RNA	Trizol extraction of total RNA was performed according to the manufacturer's instructions.	Biotin	Biotinylated cRNA were prepared according to the standard Affymetrix protocol from 6ug total RNA (Expression Analysis Technical Manual, 2001, Affymetrix).	9606	Following fragmentation, 10 ug of cRNA were hybridized for 16 hr at 45C on Affymetrix HG U133 plus 2.0. GeneChips were washed and stained in the Affymetrix Fluidics Station 400.	GeneChips were scanned using the Affymetrix GeneChip Scanner  (GCS) 3000.	Gene expression data from Colon Tumour Sample	The data were analyzed using a commercially available software package, Partek Genomics Suite 6.4 (Partek Incorporated, Missouri, USA), PLIER algorithm using default analysis settings and global scaling as normalization method and t-test  to assess differentially expressed genes. The Strand Genomics Avadis software package (Strand Genomics Pvt Ltd, http://www.strandgenomics.com) was employed for hierarchical clustering of differentially expressed genes.	GPL570	ABDUL,KHALID,SIRAJ	asiraj@kfshrc.edu.sa	HUMAN CANCER GENOMIC	KING FAISAL SPECIALIST HOSPITAL & RESEARCH CENTER	MBC 98-16, PO BOX 3354	RIYADH 11211	KSA	11211	Saudi Arabia	ftp://ftp.ncbi.nlm.nih.gov/geo/samples/GSM588nnn/GSM588846/suppl/GSM588846.CEL.gz	54675	Female
CC29	GSM588847	Public on Aug 31 2010	Aug 30 2010	Aug 30 2010	RNA	1	colon tumour	Homo sapiens	gender: Female	total RNA	Trizol extraction of total RNA was performed according to the manufacturer's instructions.	Biotin	Biotinylated cRNA were prepared according to the standard Affymetrix protocol from 6ug total RNA (Expression Analysis Technical Manual, 2001, Affymetrix).	9606	Following fragmentation, 10 ug of cRNA were hybridized for 16 hr at 45C on Affymetrix HG U133 plus 2.0. GeneChips were washed and stained in the Affymetrix Fluidics Station 400.	GeneChips were scanned using the Affymetrix GeneChip Scanner  (GCS) 3000.	Gene expression data from Colon Tumour Sample	The data were analyzed using a commercially available software package, Partek Genomics Suite 6.4 (Partek Incorporated, Missouri, USA), PLIER algorithm using default analysis settings and global scaling as normalization method and t-test  to assess differentially expressed genes. The Strand Genomics Avadis software package (Strand Genomics Pvt Ltd, http://www.strandgenomics.com) was employed for hierarchical clustering of differentially expressed genes.	GPL570	ABDUL,KHALID,SIRAJ	asiraj@kfshrc.edu.sa	HUMAN CANCER GENOMIC	KING FAISAL SPECIALIST HOSPITAL & RESEARCH CENTER	MBC 98-16, PO BOX 3354	RIYADH 11211	KSA	11211	Saudi Arabia	ftp://ftp.ncbi.nlm.nih.gov/geo/samples/GSM588nnn/GSM588847/suppl/GSM588847.CEL.gz	54675	Female
CC30	GSM588848	Public on Aug 31 2010	Aug 30 2010	Aug 30 2010	RNA	1	colon tumour	Homo sapiens	gender: Female	total RNA	Trizol extraction of total RNA was performed according to the manufacturer's instructions.	Biotin	Biotinylated cRNA were prepared according to the standard Affymetrix protocol from 6ug total RNA (Expression Analysis Technical Manual, 2001, Affymetrix).	9606	Following fragmentation, 10 ug of cRNA were hybridized for 16 hr at 45C on Affymetrix HG U133 plus 2.0. GeneChips were washed and stained in the Affymetrix Fluidics Station 400.	GeneChips were scanned using the Affymetrix GeneChip Scanner  (GCS) 3000.	Gene expression data from Colon Tumour Sample	The data were analyzed using a commercially available software package, Partek Genomics Suite 6.4 (Partek Incorporated, Missouri, USA), PLIER algorithm using default analysis settings and global scaling as normalization method and t-test  to assess differentially expressed genes. The Strand Genomics Avadis software package (Strand Genomics Pvt Ltd, http://www.strandgenomics.com) was employed for hierarchical clustering of differentially expressed genes.	GPL570	ABDUL,KHALID,SIRAJ	asiraj@kfshrc.edu.sa	HUMAN CANCER GENOMIC	KING FAISAL SPECIALIST HOSPITAL & RESEARCH CENTER	MBC 98-16, PO BOX 3354	RIYADH 11211	KSA	11211	Saudi Arabia	ftp://ftp.ncbi.nlm.nih.gov/geo/samples/GSM588nnn/GSM588848/suppl/GSM588848.CEL.gz	54675	Female
CC32	GSM588849	Public on Aug 31 2010	Aug 30 2010	Aug 30 2010	RNA	1	colon tumour	Homo sapiens	gender: Male	total RNA	Trizol extraction of total RNA was performed according to the manufacturer's instructions.	Biotin	Biotinylated cRNA were prepared according to the standard Affymetrix protocol from 6ug total RNA (Expression Analysis Technical Manual, 2001, Affymetrix).	9606	Following fragmentation, 10 ug of cRNA were hybridized for 16 hr at 45C on Affymetrix HG U133 plus 2.0. GeneChips were washed and stained in the Affymetrix Fluidics Station 400.	GeneChips were scanned using the Affymetrix GeneChip Scanner  (GCS) 3000.	Gene expression data from Colon Tumour Sample	The data were analyzed using a commercially available software package, Partek Genomics Suite 6.4 (Partek Incorporated, Missouri, USA), PLIER algorithm using default analysis settings and global scaling as normalization method and t-test  to assess differentially expressed genes. The Strand Genomics Avadis software package (Strand Genomics Pvt Ltd, http://www.strandgenomics.com) was employed for hierarchical clustering of differentially expressed genes.	GPL570	ABDUL,KHALID,SIRAJ	asiraj@kfshrc.edu.sa	HUMAN CANCER GENOMIC	KING FAISAL SPECIALIST HOSPITAL & RESEARCH CENTER	MBC 98-16, PO BOX 3354	RIYADH 11211	KSA	11211	Saudi Arabia	ftp://ftp.ncbi.nlm.nih.gov/geo/samples/GSM588nnn/GSM588849/suppl/GSM588849.CEL.gz	54675	Male
CC33	GSM588850	Public on Aug 31 2010	Aug 30 2010	Aug 30 2010	RNA	1	colon tumour	Homo sapiens	gender: Male	total RNA	Trizol extraction of total RNA was performed according to the manufacturer's instructions.	Biotin	Biotinylated cRNA were prepared according to the standard Affymetrix protocol from 6ug total RNA (Expression Analysis Technical Manual, 2001, Affymetrix).	9606	Following fragmentation, 10 ug of cRNA were hybridized for 16 hr at 45C on Affymetrix HG U133 plus 2.0. GeneChips were washed and stained in the Affymetrix Fluidics Station 400.	GeneChips were scanned using the Affymetrix GeneChip Scanner  (GCS) 3000.	Gene expression data from Colon Tumour Sample	The data were analyzed using a commercially available software package, Partek Genomics Suite 6.4 (Partek Incorporated, Missouri, USA), PLIER algorithm using default analysis settings and global scaling as normalization method and t-test  to assess differentially expressed genes. The Strand Genomics Avadis software package (Strand Genomics Pvt Ltd, http://www.strandgenomics.com) was employed for hierarchical clustering of differentially expressed genes.	GPL570	ABDUL,KHALID,SIRAJ	asiraj@kfshrc.edu.sa	HUMAN CANCER GENOMIC	KING FAISAL SPECIALIST HOSPITAL & RESEARCH CENTER	MBC 98-16, PO BOX 3354	RIYADH 11211	KSA	11211	Saudi Arabia	ftp://ftp.ncbi.nlm.nih.gov/geo/samples/GSM588nnn/GSM588850/suppl/GSM588850.CEL.gz	54675	Male
CC34	GSM588851	Public on Aug 31 2010	Aug 30 2010	Aug 30 2010	RNA	1	colon tumour	Homo sapiens	gender: Male	total RNA	Trizol extraction of total RNA was performed according to the manufacturer's instructions.	Biotin	Biotinylated cRNA were prepared according to the standard Affymetrix protocol from 6ug total RNA (Expression Analysis Technical Manual, 2001, Affymetrix).	9606	Following fragmentation, 10 ug of cRNA were hybridized for 16 hr at 45C on Affymetrix HG U133 plus 2.0. GeneChips were washed and stained in the Affymetrix Fluidics Station 400.	GeneChips were scanned using the Affymetrix GeneChip Scanner  (GCS) 3000.	Gene expression data from Colon Tumour Sample	The data were analyzed using a commercially available software package, Partek Genomics Suite 6.4 (Partek Incorporated, Missouri, USA), PLIER algorithm using default analysis settings and global scaling as normalization method and t-test  to assess differentially expressed genes. The Strand Genomics Avadis software package (Strand Genomics Pvt Ltd, http://www.strandgenomics.com) was employed for hierarchical clustering of differentially expressed genes.	GPL570	ABDUL,KHALID,SIRAJ	asiraj@kfshrc.edu.sa	HUMAN CANCER GENOMIC	KING FAISAL SPECIALIST HOSPITAL & RESEARCH CENTER	MBC 98-16, PO BOX 3354	RIYADH 11211	KSA	11211	Saudi Arabia	ftp://ftp.ncbi.nlm.nih.gov/geo/samples/GSM588nnn/GSM588851/suppl/GSM588851.CEL.gz	54675	Male
CC35	GSM588852	Public on Aug 31 2010	Aug 30 2010	Aug 30 2010	RNA	1	colon tumour	Homo sapiens	gender: Female	total RNA	Trizol extraction of total RNA was performed according to the manufacturer's instructions.	Biotin	Biotinylated cRNA were prepared according to the standard Affymetrix protocol from 6ug total RNA (Expression Analysis Technical Manual, 2001, Affymetrix).	9606	Following fragmentation, 10 ug of cRNA were hybridized for 16 hr at 45C on Affymetrix HG U133 plus 2.0. GeneChips were washed and stained in the Affymetrix Fluidics Station 400.	GeneChips were scanned using the Affymetrix GeneChip Scanner  (GCS) 3000.	Gene expression data from Colon Tumour Sample	The data were analyzed using a commercially available software package, Partek Genomics Suite 6.4 (Partek Incorporated, Missouri, USA), PLIER algorithm using default analysis settings and global scaling as normalization method and t-test  to assess differentially expressed genes. The Strand Genomics Avadis software package (Strand Genomics Pvt Ltd, http://www.strandgenomics.com) was employed for hierarchical clustering of differentially expressed genes.	GPL570	ABDUL,KHALID,SIRAJ	asiraj@kfshrc.edu.sa	HUMAN CANCER GENOMIC	KING FAISAL SPECIALIST HOSPITAL & RESEARCH CENTER	MBC 98-16, PO BOX 3354	RIYADH 11211	KSA	11211	Saudi Arabia	ftp://ftp.ncbi.nlm.nih.gov/geo/samples/GSM588nnn/GSM588852/suppl/GSM588852.CEL.gz	54675	Female
CC36	GSM588853	Public on Aug 31 2010	Aug 30 2010	Aug 30 2010	RNA	1	colon tumour	Homo sapiens	gender: Male	total RNA	Trizol extraction of total RNA was performed according to the manufacturer's instructions.	Biotin	Biotinylated cRNA were prepared according to the standard Affymetrix protocol from 6ug total RNA (Expression Analysis Technical Manual, 2001, Affymetrix).	9606	Following fragmentation, 10 ug of cRNA were hybridized for 16 hr at 45C on Affymetrix HG U133 plus 2.0. GeneChips were washed and stained in the Affymetrix Fluidics Station 400.	GeneChips were scanned using the Affymetrix GeneChip Scanner  (GCS) 3000.	Gene expression data from Colon Tumour Sample	The data were analyzed using a commercially available software package, Partek Genomics Suite 6.4 (Partek Incorporated, Missouri, USA), PLIER algorithm using default analysis settings and global scaling as normalization method and t-test  to assess differentially expressed genes. The Strand Genomics Avadis software package (Strand Genomics Pvt Ltd, http://www.strandgenomics.com) was employed for hierarchical clustering of differentially expressed genes.	GPL570	ABDUL,KHALID,SIRAJ	asiraj@kfshrc.edu.sa	HUMAN CANCER GENOMIC	KING FAISAL SPECIALIST HOSPITAL & RESEARCH CENTER	MBC 98-16, PO BOX 3354	RIYADH 11211	KSA	11211	Saudi Arabia	ftp://ftp.ncbi.nlm.nih.gov/geo/samples/GSM588nnn/GSM588853/suppl/GSM588853.CEL.gz	54675	Male
CC37	GSM588854	Public on Aug 31 2010	Aug 30 2010	Aug 30 2010	RNA	1	colon tumour	Homo sapiens	gender: Female	total RNA	Trizol extraction of total RNA was performed according to the manufacturer's instructions.	Biotin	Biotinylated cRNA were prepared according to the standard Affymetrix protocol from 6ug total RNA (Expression Analysis Technical Manual, 2001, Affymetrix).	9606	Following fragmentation, 10 ug of cRNA were hybridized for 16 hr at 45C on Affymetrix HG U133 plus 2.0. GeneChips were washed and stained in the Affymetrix Fluidics Station 400.	GeneChips were scanned using the Affymetrix GeneChip Scanner  (GCS) 3000.	Gene expression data from Colon Tumour Sample	The data were analyzed using a commercially available software package, Partek Genomics Suite 6.4 (Partek Incorporated, Missouri, USA), PLIER algorithm using default analysis settings and global scaling as normalization method and t-test  to assess differentially expressed genes. The Strand Genomics Avadis software package (Strand Genomics Pvt Ltd, http://www.strandgenomics.com) was employed for hierarchical clustering of differentially expressed genes.	GPL570	ABDUL,KHALID,SIRAJ	asiraj@kfshrc.edu.sa	HUMAN CANCER GENOMIC	KING FAISAL SPECIALIST HOSPITAL & RESEARCH CENTER	MBC 98-16, PO BOX 3354	RIYADH 11211	KSA	11211	Saudi Arabia	ftp://ftp.ncbi.nlm.nih.gov/geo/samples/GSM588nnn/GSM588854/suppl/GSM588854.CEL.gz	54675	Female
CC38	GSM588855	Public on Aug 31 2010	Aug 30 2010	Aug 30 2010	RNA	1	colon tumour	Homo sapiens	gender: Male	total RNA	Trizol extraction of total RNA was performed according to the manufacturer's instructions.	Biotin	Biotinylated cRNA were prepared according to the standard Affymetrix protocol from 6ug total RNA (Expression Analysis Technical Manual, 2001, Affymetrix).	9606	Following fragmentation, 10 ug of cRNA were hybridized for 16 hr at 45C on Affymetrix HG U133 plus 2.0. GeneChips were washed and stained in the Affymetrix Fluidics Station 400.	GeneChips were scanned using the Affymetrix GeneChip Scanner  (GCS) 3000.	Gene expression data from Colon Tumour Sample	The data were analyzed using a commercially available software package, Partek Genomics Suite 6.4 (Partek Incorporated, Missouri, USA), PLIER algorithm using default analysis settings and global scaling as normalization method and t-test  to assess differentially expressed genes. The Strand Genomics Avadis software package (Strand Genomics Pvt Ltd, http://www.strandgenomics.com) was employed for hierarchical clustering of differentially expressed genes.	GPL570	ABDUL,KHALID,SIRAJ	asiraj@kfshrc.edu.sa	HUMAN CANCER GENOMIC	KING FAISAL SPECIALIST HOSPITAL & RESEARCH CENTER	MBC 98-16, PO BOX 3354	RIYADH 11211	KSA	11211	Saudi Arabia	ftp://ftp.ncbi.nlm.nih.gov/geo/samples/GSM588nnn/GSM588855/suppl/GSM588855.CEL.gz	54675	Male
CC40	GSM588856	Public on Aug 31 2010	Aug 30 2010	Aug 30 2010	RNA	1	colon tumour	Homo sapiens	gender: Male	total RNA	Trizol extraction of total RNA was performed according to the manufacturer's instructions.	Biotin	Biotinylated cRNA were prepared according to the standard Affymetrix protocol from 6ug total RNA (Expression Analysis Technical Manual, 2001, Affymetrix).	9606	Following fragmentation, 10 ug of cRNA were hybridized for 16 hr at 45C on Affymetrix HG U133 plus 2.0. GeneChips were washed and stained in the Affymetrix Fluidics Station 400.	GeneChips were scanned using the Affymetrix GeneChip Scanner  (GCS) 3000.	Gene expression data from Colon Tumour Sample	The data were analyzed using a commercially available software package, Partek Genomics Suite 6.4 (Partek Incorporated, Missouri, USA), PLIER algorithm using default analysis settings and global scaling as normalization method and t-test  to assess differentially expressed genes. The Strand Genomics Avadis software package (Strand Genomics Pvt Ltd, http://www.strandgenomics.com) was employed for hierarchical clustering of differentially expressed genes.	GPL570	ABDUL,KHALID,SIRAJ	asiraj@kfshrc.edu.sa	HUMAN CANCER GENOMIC	KING FAISAL SPECIALIST HOSPITAL & RESEARCH CENTER	MBC 98-16, PO BOX 3354	RIYADH 11211	KSA	11211	Saudi Arabia	ftp://ftp.ncbi.nlm.nih.gov/geo/samples/GSM588nnn/GSM588856/suppl/GSM588856.CEL.gz	54675	Male
CC41	GSM588857	Public on Aug 31 2010	Aug 30 2010	Aug 30 2010	RNA	1	colon tumour	Homo sapiens	gender: Female	total RNA	Trizol extraction of total RNA was performed according to the manufacturer's instructions.	Biotin	Biotinylated cRNA were prepared according to the standard Affymetrix protocol from 6ug total RNA (Expression Analysis Technical Manual, 2001, Affymetrix).	9606	Following fragmentation, 10 ug of cRNA were hybridized for 16 hr at 45C on Affymetrix HG U133 plus 2.0. GeneChips were washed and stained in the Affymetrix Fluidics Station 400.	GeneChips were scanned using the Affymetrix GeneChip Scanner  (GCS) 3000.	Gene expression data from Colon Tumour Sample	The data were analyzed using a commercially available software package, Partek Genomics Suite 6.4 (Partek Incorporated, Missouri, USA), PLIER algorithm using default analysis settings and global scaling as normalization method and t-test  to assess differentially expressed genes. The Strand Genomics Avadis software package (Strand Genomics Pvt Ltd, http://www.strandgenomics.com) was employed for hierarchical clustering of differentially expressed genes.	GPL570	ABDUL,KHALID,SIRAJ	asiraj@kfshrc.edu.sa	HUMAN CANCER GENOMIC	KING FAISAL SPECIALIST HOSPITAL & RESEARCH CENTER	MBC 98-16, PO BOX 3354	RIYADH 11211	KSA	11211	Saudi Arabia	ftp://ftp.ncbi.nlm.nih.gov/geo/samples/GSM588nnn/GSM588857/suppl/GSM588857.CEL.gz	54675	Female
CC43	GSM588859	Public on Aug 31 2010	Aug 30 2010	Aug 30 2010	RNA	1	colon tumour	Homo sapiens	gender: Male	total RNA	Trizol extraction of total RNA was performed according to the manufacturer's instructions.	Biotin	Biotinylated cRNA were prepared according to the standard Affymetrix protocol from 6ug total RNA (Expression Analysis Technical Manual, 2001, Affymetrix).	9606	Following fragmentation, 10 ug of cRNA were hybridized for 16 hr at 45C on Affymetrix HG U133 plus 2.0. GeneChips were washed and stained in the Affymetrix Fluidics Station 400.	GeneChips were scanned using the Affymetrix GeneChip Scanner  (GCS) 3000.	Gene expression data from Colon Tumour Sample	The data were analyzed using a commercially available software package, Partek Genomics Suite 6.4 (Partek Incorporated, Missouri, USA), PLIER algorithm using default analysis settings and global scaling as normalization method and t-test  to assess differentially expressed genes. The Strand Genomics Avadis software package (Strand Genomics Pvt Ltd, http://www.strandgenomics.com) was employed for hierarchical clustering of differentially expressed genes.	GPL570	ABDUL,KHALID,SIRAJ	asiraj@kfshrc.edu.sa	HUMAN CANCER GENOMIC	KING FAISAL SPECIALIST HOSPITAL & RESEARCH CENTER	MBC 98-16, PO BOX 3354	RIYADH 11211	KSA	11211	Saudi Arabia	ftp://ftp.ncbi.nlm.nih.gov/geo/samples/GSM588nnn/GSM588859/suppl/GSM588859.CEL.gz	54675	Male
CC44	GSM588860	Public on Aug 31 2010	Aug 30 2010	Aug 30 2010	RNA	1	colon tumour	Homo sapiens	gender: Male	total RNA	Trizol extraction of total RNA was performed according to the manufacturer's instructions.	Biotin	Biotinylated cRNA were prepared according to the standard Affymetrix protocol from 6ug total RNA (Expression Analysis Technical Manual, 2001, Affymetrix).	9606	Following fragmentation, 10 ug of cRNA were hybridized for 16 hr at 45C on Affymetrix HG U133 plus 2.0. GeneChips were washed and stained in the Affymetrix Fluidics Station 400.	GeneChips were scanned using the Affymetrix GeneChip Scanner  (GCS) 3000.	Gene expression data from Colon Tumour Sample	The data were analyzed using a commercially available software package, Partek Genomics Suite 6.4 (Partek Incorporated, Missouri, USA), PLIER algorithm using default analysis settings and global scaling as normalization method and t-test  to assess differentially expressed genes. The Strand Genomics Avadis software package (Strand Genomics Pvt Ltd, http://www.strandgenomics.com) was employed for hierarchical clustering of differentially expressed genes.	GPL570	ABDUL,KHALID,SIRAJ	asiraj@kfshrc.edu.sa	HUMAN CANCER GENOMIC	KING FAISAL SPECIALIST HOSPITAL & RESEARCH CENTER	MBC 98-16, PO BOX 3354	RIYADH 11211	KSA	11211	Saudi Arabia	ftp://ftp.ncbi.nlm.nih.gov/geo/samples/GSM588nnn/GSM588860/suppl/GSM588860.CEL.gz	54675	Male
CC45	GSM588861	Public on Aug 31 2010	Aug 30 2010	Aug 30 2010	RNA	1	colon tumour	Homo sapiens	gender: Male	total RNA	Trizol extraction of total RNA was performed according to the manufacturer's instructions.	Biotin	Biotinylated cRNA were prepared according to the standard Affymetrix protocol from 6ug total RNA (Expression Analysis Technical Manual, 2001, Affymetrix).	9606	Following fragmentation, 10 ug of cRNA were hybridized for 16 hr at 45C on Affymetrix HG U133 plus 2.0. GeneChips were washed and stained in the Affymetrix Fluidics Station 400.	GeneChips were scanned using the Affymetrix GeneChip Scanner  (GCS) 3000.	Gene expression data from Colon Tumour Sample	The data were analyzed using a commercially available software package, Partek Genomics Suite 6.4 (Partek Incorporated, Missouri, USA), PLIER algorithm using default analysis settings and global scaling as normalization method and t-test  to assess differentially expressed genes. The Strand Genomics Avadis software package (Strand Genomics Pvt Ltd, http://www.strandgenomics.com) was employed for hierarchical clustering of differentially expressed genes.	GPL570	ABDUL,KHALID,SIRAJ	asiraj@kfshrc.edu.sa	HUMAN CANCER GENOMIC	KING FAISAL SPECIALIST HOSPITAL & RESEARCH CENTER	MBC 98-16, PO BOX 3354	RIYADH 11211	KSA	11211	Saudi Arabia	ftp://ftp.ncbi.nlm.nih.gov/geo/samples/GSM588nnn/GSM588861/suppl/GSM588861.CEL.gz	54675	Male
CC46	GSM588862	Public on Aug 31 2010	Aug 30 2010	Aug 30 2010	RNA	1	colon tumour	Homo sapiens	gender: Male	total RNA	Trizol extraction of total RNA was performed according to the manufacturer's instructions.	Biotin	Biotinylated cRNA were prepared according to the standard Affymetrix protocol from 6ug total RNA (Expression Analysis Technical Manual, 2001, Affymetrix).	9606	Following fragmentation, 10 ug of cRNA were hybridized for 16 hr at 45C on Affymetrix HG U133 plus 2.0. GeneChips were washed and stained in the Affymetrix Fluidics Station 400.	GeneChips were scanned using the Affymetrix GeneChip Scanner  (GCS) 3000.	Gene expression data from Colon Tumour Sample	The data were analyzed using a commercially available software package, Partek Genomics Suite 6.4 (Partek Incorporated, Missouri, USA), PLIER algorithm using default analysis settings and global scaling as normalization method and t-test  to assess differentially expressed genes. The Strand Genomics Avadis software package (Strand Genomics Pvt Ltd, http://www.strandgenomics.com) was employed for hierarchical clustering of differentially expressed genes.	GPL570	ABDUL,KHALID,SIRAJ	asiraj@kfshrc.edu.sa	HUMAN CANCER GENOMIC	KING FAISAL SPECIALIST HOSPITAL & RESEARCH CENTER	MBC 98-16, PO BOX 3354	RIYADH 11211	KSA	11211	Saudi Arabia	ftp://ftp.ncbi.nlm.nih.gov/geo/samples/GSM588nnn/GSM588862/suppl/GSM588862.CEL.gz	54675	Male
N2	GSM588863	Public on Aug 31 2010	Aug 30 2010	Aug 30 2010	RNA	1	normal paired tissue	Homo sapiens	gender: Male	total RNA	Trizol extraction of total RNA was performed according to the manufacturer's instructions.	Biotin	Biotinylated cRNA were prepared according to the standard Affymetrix protocol from 6ug total RNA (Expression Analysis Technical Manual, 2001, Affymetrix).	9606	Following fragmentation, 10 ug of cRNA were hybridized for 16 hr at 45C on Affymetrix HG U133 plus 2.0. GeneChips were washed and stained in the Affymetrix Fluidics Station 400.	GeneChips were scanned using the Affymetrix GeneChip Scanner  (GCS) 3000.	Gene expression data from Normal paired Tissue	The data were analyzed using a commercially available software package, Partek Genomics Suite 6.4 (Partek Incorporated, Missouri, USA), PLIER algorithm using default analysis settings and global scaling as normalization method and t-test  to assess differentially expressed genes. The Strand Genomics Avadis software package (Strand Genomics Pvt Ltd, http://www.strandgenomics.com) was employed for hierarchical clustering of differentially expressed genes.	GPL570	ABDUL,KHALID,SIRAJ	asiraj@kfshrc.edu.sa	HUMAN CANCER GENOMIC	KING FAISAL SPECIALIST HOSPITAL & RESEARCH CENTER	MBC 98-16, PO BOX 3354	RIYADH 11211	KSA	11211	Saudi Arabia	ftp://ftp.ncbi.nlm.nih.gov/geo/samples/GSM588nnn/GSM588863/suppl/GSM588863.CEL.gz	54675	Male
N3	GSM588864	Public on Aug 31 2010	Aug 30 2010	Aug 30 2010	RNA	1	normal paired tissue	Homo sapiens	gender: Male	total RNA	Trizol extraction of total RNA was performed according to the manufacturer's instructions.	Biotin	Biotinylated cRNA were prepared according to the standard Affymetrix protocol from 6ug total RNA (Expression Analysis Technical Manual, 2001, Affymetrix).	9606	Following fragmentation, 10 ug of cRNA were hybridized for 16 hr at 45C on Affymetrix HG U133 plus 2.0. GeneChips were washed and stained in the Affymetrix Fluidics Station 400.	GeneChips were scanned using the Affymetrix GeneChip Scanner  (GCS) 3000.	Gene expression data from Normal paired Tissue	The data were analyzed using a commercially available software package, Partek Genomics Suite 6.4 (Partek Incorporated, Missouri, USA), PLIER algorithm using default analysis settings and global scaling as normalization method and t-test  to assess differentially expressed genes. The Strand Genomics Avadis software package (Strand Genomics Pvt Ltd, http://www.strandgenomics.com) was employed for hierarchical clustering of differentially expressed genes.	GPL570	ABDUL,KHALID,SIRAJ	asiraj@kfshrc.edu.sa	HUMAN CANCER GENOMIC	KING FAISAL SPECIALIST HOSPITAL & RESEARCH CENTER	MBC 98-16, PO BOX 3354	RIYADH 11211	KSA	11211	Saudi Arabia	ftp://ftp.ncbi.nlm.nih.gov/geo/samples/GSM588nnn/GSM588864/suppl/GSM588864.CEL.gz	54675	Male
N8	GSM588865	Public on Aug 31 2010	Aug 30 2010	Aug 30 2010	RNA	1	normal paired tissue	Homo sapiens	gender: Female	total RNA	Trizol extraction of total RNA was performed according to the manufacturer's instructions.	Biotin	Biotinylated cRNA were prepared according to the standard Affymetrix protocol from 6ug total RNA (Expression Analysis Technical Manual, 2001, Affymetrix).	9606	Following fragmentation, 10 ug of cRNA were hybridized for 16 hr at 45C on Affymetrix HG U133 plus 2.0. GeneChips were washed and stained in the Affymetrix Fluidics Station 400.	GeneChips were scanned using the Affymetrix GeneChip Scanner  (GCS) 3000.	Gene expression data from Normal paired Tissue	The data were analyzed using a commercially available software package, Partek Genomics Suite 6.4 (Partek Incorporated, Missouri, USA), PLIER algorithm using default analysis settings and global scaling as normalization method and t-test  to assess differentially expressed genes. The Strand Genomics Avadis software package (Strand Genomics Pvt Ltd, http://www.strandgenomics.com) was employed for hierarchical clustering of differentially expressed genes.	GPL570	ABDUL,KHALID,SIRAJ	asiraj@kfshrc.edu.sa	HUMAN CANCER GENOMIC	KING FAISAL SPECIALIST HOSPITAL & RESEARCH CENTER	MBC 98-16, PO BOX 3354	RIYADH 11211	KSA	11211	Saudi Arabia	ftp://ftp.ncbi.nlm.nih.gov/geo/samples/GSM588nnn/GSM588865/suppl/GSM588865.CEL.gz	54675	Female
N9	GSM588866	Public on Aug 31 2010	Aug 30 2010	Aug 30 2010	RNA	1	normal paired tissue	Homo sapiens	gender: Male	total RNA	Trizol extraction of total RNA was performed according to the manufacturer's instructions.	Biotin	Biotinylated cRNA were prepared according to the standard Affymetrix protocol from 6ug total RNA (Expression Analysis Technical Manual, 2001, Affymetrix).	9606	Following fragmentation, 10 ug of cRNA were hybridized for 16 hr at 45C on Affymetrix HG U133 plus 2.0. GeneChips were washed and stained in the Affymetrix Fluidics Station 400.	GeneChips were scanned using the Affymetrix GeneChip Scanner  (GCS) 3000.	Gene expression data from Normal paired Tissue	The data were analyzed using a commercially available software package, Partek Genomics Suite 6.4 (Partek Incorporated, Missouri, USA), PLIER algorithm using default analysis settings and global scaling as normalization method and t-test  to assess differentially expressed genes. The Strand Genomics Avadis software package (Strand Genomics Pvt Ltd, http://www.strandgenomics.com) was employed for hierarchical clustering of differentially expressed genes.	GPL570	ABDUL,KHALID,SIRAJ	asiraj@kfshrc.edu.sa	HUMAN CANCER GENOMIC	KING FAISAL SPECIALIST HOSPITAL & RESEARCH CENTER	MBC 98-16, PO BOX 3354	RIYADH 11211	KSA	11211	Saudi Arabia	ftp://ftp.ncbi.nlm.nih.gov/geo/samples/GSM588nnn/GSM588866/suppl/GSM588866.CEL.gz	54675	Male
N11	GSM588867	Public on Aug 31 2010	Aug 30 2010	Aug 30 2010	RNA	1	normal paired tissue	Homo sapiens	gender: Male	total RNA	Trizol extraction of total RNA was performed according to the manufacturer's instructions.	Biotin	Biotinylated cRNA were prepared according to the standard Affymetrix protocol from 6ug total RNA (Expression Analysis Technical Manual, 2001, Affymetrix).	9606	Following fragmentation, 10 ug of cRNA were hybridized for 16 hr at 45C on Affymetrix HG U133 plus 2.0. GeneChips were washed and stained in the Affymetrix Fluidics Station 400.	GeneChips were scanned using the Affymetrix GeneChip Scanner  (GCS) 3000.	Gene expression data from Normal paired Tissue	The data were analyzed using a commercially available software package, Partek Genomics Suite 6.4 (Partek Incorporated, Missouri, USA), PLIER algorithm using default analysis settings and global scaling as normalization method and t-test  to assess differentially expressed genes. The Strand Genomics Avadis software package (Strand Genomics Pvt Ltd, http://www.strandgenomics.com) was employed for hierarchical clustering of differentially expressed genes.	GPL570	ABDUL,KHALID,SIRAJ	asiraj@kfshrc.edu.sa	HUMAN CANCER GENOMIC	KING FAISAL SPECIALIST HOSPITAL & RESEARCH CENTER	MBC 98-16, PO BOX 3354	RIYADH 11211	KSA	11211	Saudi Arabia	ftp://ftp.ncbi.nlm.nih.gov/geo/samples/GSM588nnn/GSM588867/suppl/GSM588867.CEL.gz	54675	Male
N12	GSM588868	Public on Aug 31 2010	Aug 30 2010	Aug 30 2010	RNA	1	normal paired tissue	Homo sapiens	gender: Male	total RNA	Trizol extraction of total RNA was performed according to the manufacturer's instructions.	Biotin	Biotinylated cRNA were prepared according to the standard Affymetrix protocol from 6ug total RNA (Expression Analysis Technical Manual, 2001, Affymetrix).	9606	Following fragmentation, 10 ug of cRNA were hybridized for 16 hr at 45C on Affymetrix HG U133 plus 2.0. GeneChips were washed and stained in the Affymetrix Fluidics Station 400.	GeneChips were scanned using the Affymetrix GeneChip Scanner  (GCS) 3000.	Gene expression data from Normal paired Tissue	The data were analyzed using a commercially available software package, Partek Genomics Suite 6.4 (Partek Incorporated, Missouri, USA), PLIER algorithm using default analysis settings and global scaling as normalization method and t-test  to assess differentially expressed genes. The Strand Genomics Avadis software package (Strand Genomics Pvt Ltd, http://www.strandgenomics.com) was employed for hierarchical clustering of differentially expressed genes.	GPL570	ABDUL,KHALID,SIRAJ	asiraj@kfshrc.edu.sa	HUMAN CANCER GENOMIC	KING FAISAL SPECIALIST HOSPITAL & RESEARCH CENTER	MBC 98-16, PO BOX 3354	RIYADH 11211	KSA	11211	Saudi Arabia	ftp://ftp.ncbi.nlm.nih.gov/geo/samples/GSM588nnn/GSM588868/suppl/GSM588868.CEL.gz	54675	Male
N14	GSM588869	Public on Aug 31 2010	Aug 30 2010	Aug 30 2010	RNA	1	normal paired tissue	Homo sapiens	gender: Female	total RNA	Trizol extraction of total RNA was performed according to the manufacturer's instructions.	Biotin	Biotinylated cRNA were prepared according to the standard Affymetrix protocol from 6ug total RNA (Expression Analysis Technical Manual, 2001, Affymetrix).	9606	Following fragmentation, 10 ug of cRNA were hybridized for 16 hr at 45C on Affymetrix HG U133 plus 2.0. GeneChips were washed and stained in the Affymetrix Fluidics Station 400.	GeneChips were scanned using the Affymetrix GeneChip Scanner  (GCS) 3000.	Gene expression data from Normal paired Tissue	The data were analyzed using a commercially available software package, Partek Genomics Suite 6.4 (Partek Incorporated, Missouri, USA), PLIER algorithm using default analysis settings and global scaling as normalization method and t-test  to assess differentially expressed genes. The Strand Genomics Avadis software package (Strand Genomics Pvt Ltd, http://www.strandgenomics.com) was employed for hierarchical clustering of differentially expressed genes.	GPL570	ABDUL,KHALID,SIRAJ	asiraj@kfshrc.edu.sa	HUMAN CANCER GENOMIC	KING FAISAL SPECIALIST HOSPITAL & RESEARCH CENTER	MBC 98-16, PO BOX 3354	RIYADH 11211	KSA	11211	Saudi Arabia	ftp://ftp.ncbi.nlm.nih.gov/geo/samples/GSM588nnn/GSM588869/suppl/GSM588869.CEL.gz	54675	Female
N15	GSM588870	Public on Aug 31 2010	Aug 30 2010	Aug 30 2010	RNA	1	normal paired tissue	Homo sapiens	gender: Male	total RNA	Trizol extraction of total RNA was performed according to the manufacturer's instructions.	Biotin	Biotinylated cRNA were prepared according to the standard Affymetrix protocol from 6ug total RNA (Expression Analysis Technical Manual, 2001, Affymetrix).	9606	Following fragmentation, 10 ug of cRNA were hybridized for 16 hr at 45C on Affymetrix HG U133 plus 2.0. GeneChips were washed and stained in the Affymetrix Fluidics Station 400.	GeneChips were scanned using the Affymetrix GeneChip Scanner  (GCS) 3000.	Gene expression data from Normal paired Tissue	The data were analyzed using a commercially available software package, Partek Genomics Suite 6.4 (Partek Incorporated, Missouri, USA), PLIER algorithm using default analysis settings and global scaling as normalization method and t-test  to assess differentially expressed genes. The Strand Genomics Avadis software package (Strand Genomics Pvt Ltd, http://www.strandgenomics.com) was employed for hierarchical clustering of differentially expressed genes.	GPL570	ABDUL,KHALID,SIRAJ	asiraj@kfshrc.edu.sa	HUMAN CANCER GENOMIC	KING FAISAL SPECIALIST HOSPITAL & RESEARCH CENTER	MBC 98-16, PO BOX 3354	RIYADH 11211	KSA	11211	Saudi Arabia	ftp://ftp.ncbi.nlm.nih.gov/geo/samples/GSM588nnn/GSM588870/suppl/GSM588870.CEL.gz	54675	Male
N16	GSM588871	Public on Aug 31 2010	Aug 30 2010	Aug 30 2010	RNA	1	normal paired tissue	Homo sapiens	gender: Male	total RNA	Trizol extraction of total RNA was performed according to the manufacturer's instructions.	Biotin	Biotinylated cRNA were prepared according to the standard Affymetrix protocol from 6ug total RNA (Expression Analysis Technical Manual, 2001, Affymetrix).	9606	Following fragmentation, 10 ug of cRNA were hybridized for 16 hr at 45C on Affymetrix HG U133 plus 2.0. GeneChips were washed and stained in the Affymetrix Fluidics Station 400.	GeneChips were scanned using the Affymetrix GeneChip Scanner  (GCS) 3000.	Gene expression data from Normal paired Tissue	The data were analyzed using a commercially available software package, Partek Genomics Suite 6.4 (Partek Incorporated, Missouri, USA), PLIER algorithm using default analysis settings and global scaling as normalization method and t-test  to assess differentially expressed genes. The Strand Genomics Avadis software package (Strand Genomics Pvt Ltd, http://www.strandgenomics.com) was employed for hierarchical clustering of differentially expressed genes.	GPL570	ABDUL,KHALID,SIRAJ	asiraj@kfshrc.edu.sa	HUMAN CANCER GENOMIC	KING FAISAL SPECIALIST HOSPITAL & RESEARCH CENTER	MBC 98-16, PO BOX 3354	RIYADH 11211	KSA	11211	Saudi Arabia	ftp://ftp.ncbi.nlm.nih.gov/geo/samples/GSM588nnn/GSM588871/suppl/GSM588871.CEL.gz	54675	Male
N19	GSM588872	Public on Aug 31 2010	Aug 30 2010	Aug 30 2010	RNA	1	normal paired tissue	Homo sapiens	gender: Male	total RNA	Trizol extraction of total RNA was performed according to the manufacturer's instructions.	Biotin	Biotinylated cRNA were prepared according to the standard Affymetrix protocol from 6ug total RNA (Expression Analysis Technical Manual, 2001, Affymetrix).	9606	Following fragmentation, 10 ug of cRNA were hybridized for 16 hr at 45C on Affymetrix HG U133 plus 2.0. GeneChips were washed and stained in the Affymetrix Fluidics Station 400.	GeneChips were scanned using the Affymetrix GeneChip Scanner  (GCS) 3000.	Gene expression data from Normal paired Tissue	The data were analyzed using a commercially available software package, Partek Genomics Suite 6.4 (Partek Incorporated, Missouri, USA), PLIER algorithm using default analysis settings and global scaling as normalization method and t-test  to assess differentially expressed genes. The Strand Genomics Avadis software package (Strand Genomics Pvt Ltd, http://www.strandgenomics.com) was employed for hierarchical clustering of differentially expressed genes.	GPL570	ABDUL,KHALID,SIRAJ	asiraj@kfshrc.edu.sa	HUMAN CANCER GENOMIC	KING FAISAL SPECIALIST HOSPITAL & RESEARCH CENTER	MBC 98-16, PO BOX 3354	RIYADH 11211	KSA	11211	Saudi Arabia	ftp://ftp.ncbi.nlm.nih.gov/geo/samples/GSM588nnn/GSM588872/suppl/GSM588872.CEL.gz	54675	Male
N20	GSM588873	Public on Aug 31 2010	Aug 30 2010	Aug 30 2010	RNA	1	normal paired tissue	Homo sapiens	gender: Male	total RNA	Trizol extraction of total RNA was performed according to the manufacturer's instructions.	Biotin	Biotinylated cRNA were prepared according to the standard Affymetrix protocol from 6ug total RNA (Expression Analysis Technical Manual, 2001, Affymetrix).	9606	Following fragmentation, 10 ug of cRNA were hybridized for 16 hr at 45C on Affymetrix HG U133 plus 2.0. GeneChips were washed and stained in the Affymetrix Fluidics Station 400.	GeneChips were scanned using the Affymetrix GeneChip Scanner  (GCS) 3000.	Gene expression data from Normal paired Tissue	The data were analyzed using a commercially available software package, Partek Genomics Suite 6.4 (Partek Incorporated, Missouri, USA), PLIER algorithm using default analysis settings and global scaling as normalization method and t-test  to assess differentially expressed genes. The Strand Genomics Avadis software package (Strand Genomics Pvt Ltd, http://www.strandgenomics.com) was employed for hierarchical clustering of differentially expressed genes.	GPL570	ABDUL,KHALID,SIRAJ	asiraj@kfshrc.edu.sa	HUMAN CANCER GENOMIC	KING FAISAL SPECIALIST HOSPITAL & RESEARCH CENTER	MBC 98-16, PO BOX 3354	RIYADH 11211	KSA	11211	Saudi Arabia	ftp://ftp.ncbi.nlm.nih.gov/geo/samples/GSM588nnn/GSM588873/suppl/GSM588873.CEL.gz	54675	Male
N21	GSM588874	Public on Aug 31 2010	Aug 30 2010	Aug 30 2010	RNA	1	normal paired tissue	Homo sapiens	gender: Male	total RNA	Trizol extraction of total RNA was performed according to the manufacturer's instructions.	Biotin	Biotinylated cRNA were prepared according to the standard Affymetrix protocol from 6ug total RNA (Expression Analysis Technical Manual, 2001, Affymetrix).	9606	Following fragmentation, 10 ug of cRNA were hybridized for 16 hr at 45C on Affymetrix HG U133 plus 2.0. GeneChips were washed and stained in the Affymetrix Fluidics Station 400.	GeneChips were scanned using the Affymetrix GeneChip Scanner  (GCS) 3000.	Gene expression data from Normal paired Tissue	The data were analyzed using a commercially available software package, Partek Genomics Suite 6.4 (Partek Incorporated, Missouri, USA), PLIER algorithm using default analysis settings and global scaling as normalization method and t-test  to assess differentially expressed genes. The Strand Genomics Avadis software package (Strand Genomics Pvt Ltd, http://www.strandgenomics.com) was employed for hierarchical clustering of differentially expressed genes.	GPL570	ABDUL,KHALID,SIRAJ	asiraj@kfshrc.edu.sa	HUMAN CANCER GENOMIC	KING FAISAL SPECIALIST HOSPITAL & RESEARCH CENTER	MBC 98-16, PO BOX 3354	RIYADH 11211	KSA	11211	Saudi Arabia	ftp://ftp.ncbi.nlm.nih.gov/geo/samples/GSM588nnn/GSM588874/suppl/GSM588874.CEL.gz	54675	Male
N22	GSM588875	Public on Aug 31 2010	Aug 30 2010	Aug 30 2010	RNA	1	normal paired tissue	Homo sapiens	gender: Female	total RNA	Trizol extraction of total RNA was performed according to the manufacturer's instructions.	Biotin	Biotinylated cRNA were prepared according to the standard Affymetrix protocol from 6ug total RNA (Expression Analysis Technical Manual, 2001, Affymetrix).	9606	Following fragmentation, 10 ug of cRNA were hybridized for 16 hr at 45C on Affymetrix HG U133 plus 2.0. GeneChips were washed and stained in the Affymetrix Fluidics Station 400.	GeneChips were scanned using the Affymetrix GeneChip Scanner  (GCS) 3000.	Gene expression data from Normal paired Tissue	The data were analyzed using a commercially available software package, Partek Genomics Suite 6.4 (Partek Incorporated, Missouri, USA), PLIER algorithm using default analysis settings and global scaling as normalization method and t-test  to assess differentially expressed genes. The Strand Genomics Avadis software package (Strand Genomics Pvt Ltd, http://www.strandgenomics.com) was employed for hierarchical clustering of differentially expressed genes.	GPL570	ABDUL,KHALID,SIRAJ	asiraj@kfshrc.edu.sa	HUMAN CANCER GENOMIC	KING FAISAL SPECIALIST HOSPITAL & RESEARCH CENTER	MBC 98-16, PO BOX 3354	RIYADH 11211	KSA	11211	Saudi Arabia	ftp://ftp.ncbi.nlm.nih.gov/geo/samples/GSM588nnn/GSM588875/suppl/GSM588875.CEL.gz	54675	Female
N23	GSM588876	Public on Aug 31 2010	Aug 30 2010	Aug 30 2010	RNA	1	normal paired tissue	Homo sapiens	gender: Male	total RNA	Trizol extraction of total RNA was performed according to the manufacturer's instructions.	Biotin	Biotinylated cRNA were prepared according to the standard Affymetrix protocol from 6ug total RNA (Expression Analysis Technical Manual, 2001, Affymetrix).	9606	Following fragmentation, 10 ug of cRNA were hybridized for 16 hr at 45C on Affymetrix HG U133 plus 2.0. GeneChips were washed and stained in the Affymetrix Fluidics Station 400.	GeneChips were scanned using the Affymetrix GeneChip Scanner  (GCS) 3000.	Gene expression data from Normal paired Tissue	The data were analyzed using a commercially available software package, Partek Genomics Suite 6.4 (Partek Incorporated, Missouri, USA), PLIER algorithm using default analysis settings and global scaling as normalization method and t-test  to assess differentially expressed genes. The Strand Genomics Avadis software package (Strand Genomics Pvt Ltd, http://www.strandgenomics.com) was employed for hierarchical clustering of differentially expressed genes.	GPL570	ABDUL,KHALID,SIRAJ	asiraj@kfshrc.edu.sa	HUMAN CANCER GENOMIC	KING FAISAL SPECIALIST HOSPITAL & RESEARCH CENTER	MBC 98-16, PO BOX 3354	RIYADH 11211	KSA	11211	Saudi Arabia	ftp://ftp.ncbi.nlm.nih.gov/geo/samples/GSM588nnn/GSM588876/suppl/GSM588876.CEL.gz	54675	Male
N24	GSM588877	Public on Aug 31 2010	Aug 30 2010	Aug 30 2010	RNA	1	normal paired tissue	Homo sapiens	gender: Male	total RNA	Trizol extraction of total RNA was performed according to the manufacturer's instructions.	Biotin	Biotinylated cRNA were prepared according to the standard Affymetrix protocol from 6ug total RNA (Expression Analysis Technical Manual, 2001, Affymetrix).	9606	Following fragmentation, 10 ug of cRNA were hybridized for 16 hr at 45C on Affymetrix HG U133 plus 2.0. GeneChips were washed and stained in the Affymetrix Fluidics Station 400.	GeneChips were scanned using the Affymetrix GeneChip Scanner  (GCS) 3000.	Gene expression data from Normal paired Tissue	The data were analyzed using a commercially available software package, Partek Genomics Suite 6.4 (Partek Incorporated, Missouri, USA), PLIER algorithm using default analysis settings and global scaling as normalization method and t-test  to assess differentially expressed genes. The Strand Genomics Avadis software package (Strand Genomics Pvt Ltd, http://www.strandgenomics.com) was employed for hierarchical clustering of differentially expressed genes.	GPL570	ABDUL,KHALID,SIRAJ	asiraj@kfshrc.edu.sa	HUMAN CANCER GENOMIC	KING FAISAL SPECIALIST HOSPITAL & RESEARCH CENTER	MBC 98-16, PO BOX 3354	RIYADH 11211	KSA	11211	Saudi Arabia	ftp://ftp.ncbi.nlm.nih.gov/geo/samples/GSM588nnn/GSM588877/suppl/GSM588877.CEL.gz	54675	Male
N25	GSM588878	Public on Aug 31 2010	Aug 30 2010	Aug 30 2010	RNA	1	normal paired tissue	Homo sapiens	gender: Male	total RNA	Trizol extraction of total RNA was performed according to the manufacturer's instructions.	Biotin	Biotinylated cRNA were prepared according to the standard Affymetrix protocol from 6ug total RNA (Expression Analysis Technical Manual, 2001, Affymetrix).	9606	Following fragmentation, 10 ug of cRNA were hybridized for 16 hr at 45C on Affymetrix HG U133 plus 2.0. GeneChips were washed and stained in the Affymetrix Fluidics Station 400.	GeneChips were scanned using the Affymetrix GeneChip Scanner  (GCS) 3000.	Gene expression data from Normal paired Tissue	The data were analyzed using a commercially available software package, Partek Genomics Suite 6.4 (Partek Incorporated, Missouri, USA), PLIER algorithm using default analysis settings and global scaling as normalization method and t-test  to assess differentially expressed genes. The Strand Genomics Avadis software package (Strand Genomics Pvt Ltd, http://www.strandgenomics.com) was employed for hierarchical clustering of differentially expressed genes.	GPL570	ABDUL,KHALID,SIRAJ	asiraj@kfshrc.edu.sa	HUMAN CANCER GENOMIC	KING FAISAL SPECIALIST HOSPITAL & RESEARCH CENTER	MBC 98-16, PO BOX 3354	RIYADH 11211	KSA	11211	Saudi Arabia	ftp://ftp.ncbi.nlm.nih.gov/geo/samples/GSM588nnn/GSM588878/suppl/GSM588878.CEL.gz	54675	Male
N26	GSM588879	Public on Aug 31 2010	Aug 30 2010	Aug 30 2010	RNA	1	normal paired tissue	Homo sapiens	gender: Male	total RNA	Trizol extraction of total RNA was performed according to the manufacturer's instructions.	Biotin	Biotinylated cRNA were prepared according to the standard Affymetrix protocol from 6ug total RNA (Expression Analysis Technical Manual, 2001, Affymetrix).	9606	Following fragmentation, 10 ug of cRNA were hybridized for 16 hr at 45C on Affymetrix HG U133 plus 2.0. GeneChips were washed and stained in the Affymetrix Fluidics Station 400.	GeneChips were scanned using the Affymetrix GeneChip Scanner  (GCS) 3000.	Gene expression data from Normal paired Tissue	The data were analyzed using a commercially available software package, Partek Genomics Suite 6.4 (Partek Incorporated, Missouri, USA), PLIER algorithm using default analysis settings and global scaling as normalization method and t-test  to assess differentially expressed genes. The Strand Genomics Avadis software package (Strand Genomics Pvt Ltd, http://www.strandgenomics.com) was employed for hierarchical clustering of differentially expressed genes.	GPL570	ABDUL,KHALID,SIRAJ	asiraj@kfshrc.edu.sa	HUMAN CANCER GENOMIC	KING FAISAL SPECIALIST HOSPITAL & RESEARCH CENTER	MBC 98-16, PO BOX 3354	RIYADH 11211	KSA	11211	Saudi Arabia	ftp://ftp.ncbi.nlm.nih.gov/geo/samples/GSM588nnn/GSM588879/suppl/GSM588879.CEL.gz	54675	Male
N27	GSM588880	Public on Aug 31 2010	Aug 30 2010	Aug 30 2010	RNA	1	normal paired tissue	Homo sapiens	gender: Male	total RNA	Trizol extraction of total RNA was performed according to the manufacturer's instructions.	Biotin	Biotinylated cRNA were prepared according to the standard Affymetrix protocol from 6ug total RNA (Expression Analysis Technical Manual, 2001, Affymetrix).	9606	Following fragmentation, 10 ug of cRNA were hybridized for 16 hr at 45C on Affymetrix HG U133 plus 2.0. GeneChips were washed and stained in the Affymetrix Fluidics Station 400.	GeneChips were scanned using the Affymetrix GeneChip Scanner  (GCS) 3000.	Gene expression data from Normal paired Tissue	The data were analyzed using a commercially available software package, Partek Genomics Suite 6.4 (Partek Incorporated, Missouri, USA), PLIER algorithm using default analysis settings and global scaling as normalization method and t-test  to assess differentially expressed genes. The Strand Genomics Avadis software package (Strand Genomics Pvt Ltd, http://www.strandgenomics.com) was employed for hierarchical clustering of differentially expressed genes.	GPL570	ABDUL,KHALID,SIRAJ	asiraj@kfshrc.edu.sa	HUMAN CANCER GENOMIC	KING FAISAL SPECIALIST HOSPITAL & RESEARCH CENTER	MBC 98-16, PO BOX 3354	RIYADH 11211	KSA	11211	Saudi Arabia	ftp://ftp.ncbi.nlm.nih.gov/geo/samples/GSM588nnn/GSM588880/suppl/GSM588880.CEL.gz	54675	Male
N28	GSM588881	Public on Aug 31 2010	Aug 30 2010	Aug 30 2010	RNA	1	normal paired tissue	Homo sapiens	gender: Female	total RNA	Trizol extraction of total RNA was performed according to the manufacturer's instructions.	Biotin	Biotinylated cRNA were prepared according to the standard Affymetrix protocol from 6ug total RNA (Expression Analysis Technical Manual, 2001, Affymetrix).	9606	Following fragmentation, 10 ug of cRNA were hybridized for 16 hr at 45C on Affymetrix HG U133 plus 2.0. GeneChips were washed and stained in the Affymetrix Fluidics Station 400.	GeneChips were scanned using the Affymetrix GeneChip Scanner  (GCS) 3000.	Gene expression data from Normal paired Tissue	The data were analyzed using a commercially available software package, Partek Genomics Suite 6.4 (Partek Incorporated, Missouri, USA), PLIER algorithm using default analysis settings and global scaling as normalization method and t-test  to assess differentially expressed genes. The Strand Genomics Avadis software package (Strand Genomics Pvt Ltd, http://www.strandgenomics.com) was employed for hierarchical clustering of differentially expressed genes.	GPL570	ABDUL,KHALID,SIRAJ	asiraj@kfshrc.edu.sa	HUMAN CANCER GENOMIC	KING FAISAL SPECIALIST HOSPITAL & RESEARCH CENTER	MBC 98-16, PO BOX 3354	RIYADH 11211	KSA	11211	Saudi Arabia	ftp://ftp.ncbi.nlm.nih.gov/geo/samples/GSM588nnn/GSM588881/suppl/GSM588881.CEL.gz	54675	Female
N29	GSM588882	Public on Aug 31 2010	Aug 30 2010	Aug 30 2010	RNA	1	normal paired tissue	Homo sapiens	gender: Female	total RNA	Trizol extraction of total RNA was performed according to the manufacturer's instructions.	Biotin	Biotinylated cRNA were prepared according to the standard Affymetrix protocol from 6ug total RNA (Expression Analysis Technical Manual, 2001, Affymetrix).	9606	Following fragmentation, 10 ug of cRNA were hybridized for 16 hr at 45C on Affymetrix HG U133 plus 2.0. GeneChips were washed and stained in the Affymetrix Fluidics Station 400.	GeneChips were scanned using the Affymetrix GeneChip Scanner  (GCS) 3000.	Gene expression data from Normal paired Tissue	The data were analyzed using a commercially available software package, Partek Genomics Suite 6.4 (Partek Incorporated, Missouri, USA), PLIER algorithm using default analysis settings and global scaling as normalization method and t-test  to assess differentially expressed genes. The Strand Genomics Avadis software package (Strand Genomics Pvt Ltd, http://www.strandgenomics.com) was employed for hierarchical clustering of differentially expressed genes.	GPL570	ABDUL,KHALID,SIRAJ	asiraj@kfshrc.edu.sa	HUMAN CANCER GENOMIC	KING FAISAL SPECIALIST HOSPITAL & RESEARCH CENTER	MBC 98-16, PO BOX 3354	RIYADH 11211	KSA	11211	Saudi Arabia	ftp://ftp.ncbi.nlm.nih.gov/geo/samples/GSM588nnn/GSM588882/suppl/GSM588882.CEL.gz	54675	Female
N31	GSM588883	Public on Aug 31 2010	Aug 30 2010	Aug 30 2010	RNA	1	normal paired tissue	Homo sapiens	gender: Male	total RNA	Trizol extraction of total RNA was performed according to the manufacturer's instructions.	Biotin	Biotinylated cRNA were prepared according to the standard Affymetrix protocol from 6ug total RNA (Expression Analysis Technical Manual, 2001, Affymetrix).	9606	Following fragmentation, 10 ug of cRNA were hybridized for 16 hr at 45C on Affymetrix HG U133 plus 2.0. GeneChips were washed and stained in the Affymetrix Fluidics Station 400.	GeneChips were scanned using the Affymetrix GeneChip Scanner  (GCS) 3000.	Gene expression data from Normal paired Tissue	The data were analyzed using a commercially available software package, Partek Genomics Suite 6.4 (Partek Incorporated, Missouri, USA), PLIER algorithm using default analysis settings and global scaling as normalization method and t-test  to assess differentially expressed genes. The Strand Genomics Avadis software package (Strand Genomics Pvt Ltd, http://www.strandgenomics.com) was employed for hierarchical clustering of differentially expressed genes.	GPL570	ABDUL,KHALID,SIRAJ	asiraj@kfshrc.edu.sa	HUMAN CANCER GENOMIC	KING FAISAL SPECIALIST HOSPITAL & RESEARCH CENTER	MBC 98-16, PO BOX 3354	RIYADH 11211	KSA	11211	Saudi Arabia	ftp://ftp.ncbi.nlm.nih.gov/geo/samples/GSM588nnn/GSM588883/suppl/GSM588883.CEL.gz	54675	Male
N32	GSM588884	Public on Aug 31 2010	Aug 30 2010	Aug 30 2010	RNA	1	normal paired tissue	Homo sapiens	gender: Female	total RNA	Trizol extraction of total RNA was performed according to the manufacturer's instructions.	Biotin	Biotinylated cRNA were prepared according to the standard Affymetrix protocol from 6ug total RNA (Expression Analysis Technical Manual, 2001, Affymetrix).	9606	Following fragmentation, 10 ug of cRNA were hybridized for 16 hr at 45C on Affymetrix HG U133 plus 2.0. GeneChips were washed and stained in the Affymetrix Fluidics Station 400.	GeneChips were scanned using the Affymetrix GeneChip Scanner  (GCS) 3000.	Gene expression data from Normal paired Tissue	The data were analyzed using a commercially available software package, Partek Genomics Suite 6.4 (Partek Incorporated, Missouri, USA), PLIER algorithm using default analysis settings and global scaling as normalization method and t-test  to assess differentially expressed genes. The Strand Genomics Avadis software package (Strand Genomics Pvt Ltd, http://www.strandgenomics.com) was employed for hierarchical clustering of differentially expressed genes.	GPL570	ABDUL,KHALID,SIRAJ	asiraj@kfshrc.edu.sa	HUMAN CANCER GENOMIC	KING FAISAL SPECIALIST HOSPITAL & RESEARCH CENTER	MBC 98-16, PO BOX 3354	RIYADH 11211	KSA	11211	Saudi Arabia	ftp://ftp.ncbi.nlm.nih.gov/geo/samples/GSM588nnn/GSM588884/suppl/GSM588884.CEL.gz	54675	Female
N33	GSM588885	Public on Aug 31 2010	Aug 30 2010	Aug 30 2010	RNA	1	normal paired tissue	Homo sapiens	gender: Male	total RNA	Trizol extraction of total RNA was performed according to the manufacturer's instructions.	Biotin	Biotinylated cRNA were prepared according to the standard Affymetrix protocol from 6ug total RNA (Expression Analysis Technical Manual, 2001, Affymetrix).	9606	Following fragmentation, 10 ug of cRNA were hybridized for 16 hr at 45C on Affymetrix HG U133 plus 2.0. GeneChips were washed and stained in the Affymetrix Fluidics Station 400.	GeneChips were scanned using the Affymetrix GeneChip Scanner  (GCS) 3000.	Gene expression data from Normal paired Tissue	The data were analyzed using a commercially available software package, Partek Genomics Suite 6.4 (Partek Incorporated, Missouri, USA), PLIER algorithm using default analysis settings and global scaling as normalization method and t-test  to assess differentially expressed genes. The Strand Genomics Avadis software package (Strand Genomics Pvt Ltd, http://www.strandgenomics.com) was employed for hierarchical clustering of differentially expressed genes.	GPL570	ABDUL,KHALID,SIRAJ	asiraj@kfshrc.edu.sa	HUMAN CANCER GENOMIC	KING FAISAL SPECIALIST HOSPITAL & RESEARCH CENTER	MBC 98-16, PO BOX 3354	RIYADH 11211	KSA	11211	Saudi Arabia	ftp://ftp.ncbi.nlm.nih.gov/geo/samples/GSM588nnn/GSM588885/suppl/GSM588885.CEL.gz	54675	Male
N35	GSM588886	Public on Aug 31 2010	Aug 30 2010	Aug 30 2010	RNA	1	normal paired tissue	Homo sapiens	gender: Female	total RNA	Trizol extraction of total RNA was performed according to the manufacturer's instructions.	Biotin	Biotinylated cRNA were prepared according to the standard Affymetrix protocol from 6ug total RNA (Expression Analysis Technical Manual, 2001, Affymetrix).	9606	Following fragmentation, 10 ug of cRNA were hybridized for 16 hr at 45C on Affymetrix HG U133 plus 2.0. GeneChips were washed and stained in the Affymetrix Fluidics Station 400.	GeneChips were scanned using the Affymetrix GeneChip Scanner  (GCS) 3000.	Gene expression data from Normal paired Tissue	The data were analyzed using a commercially available software package, Partek Genomics Suite 6.4 (Partek Incorporated, Missouri, USA), PLIER algorithm using default analysis settings and global scaling as normalization method and t-test  to assess differentially expressed genes. The Strand Genomics Avadis software package (Strand Genomics Pvt Ltd, http://www.strandgenomics.com) was employed for hierarchical clustering of differentially expressed genes.	GPL570	ABDUL,KHALID,SIRAJ	asiraj@kfshrc.edu.sa	HUMAN CANCER GENOMIC	KING FAISAL SPECIALIST HOSPITAL & RESEARCH CENTER	MBC 98-16, PO BOX 3354	RIYADH 11211	KSA	11211	Saudi Arabia	ftp://ftp.ncbi.nlm.nih.gov/geo/samples/GSM588nnn/GSM588886/suppl/GSM588886.CEL.gz	54675	Female
